{
  "player": {
    "cash": 1000.0,
    "location": "郑州",
    "day": 1,
    "truck_count": 1,
    "truck_total_capacity": 100,
    "truck_durability": 100.0,
    "ships_rented": 0,
    "ship_capacity_each": 200,
    "ship_contract_end_day": 0,
    "ship_overdue_days": 0,
    "ship_rental_port": "",
    "cargo_lots": []
  },
  "game_mode": "challenge",
  "daily_lambdas": {
    "郑州|zz_flour": 0.01093650615541017,
    "郑州|sjz_antibiotics": -0.025,
    "郑州|ty_coal": 0.006765200136925538,
    "郑州|cc_cornstarch": 0.008714020766931145,
    "郑州|hrb_soybean_oil": -0.004326445902788841,
    "郑州|sy_hardware": -0.038,
    "郑州|gz_clothes": -0.05,
    "郑州|sh_enamel": 0.05,
    "郑州|sz_pager": 0.125,
    "郑州|bj_computer": 0.09390254688828428,
    "郑州|fz_fish": 0.07,
    "郑州|hn_mango": 0.064,
    "郑州|tp_tea": 0.034636642838019864,
    "郑州|ks_pineapple": 0.08,
    "郑州|zy_grain": -0.005515314957552749,
    "郑州|db_mushroom": 0.05,
    "郑州|sf_textile": -0.03801199406684472,
    "郑州|island_candy": -0.06,
    "石家庄|zz_flour": -0.008422386646637121,
    "石家庄|sjz_antibiotics": 0.025,
    "石家庄|ty_coal": -0.0029856145384206355,
    "石家庄|cc_cornstarch": -0.011,
    "石家庄|hrb_soybean_oil": -0.0002504626298061656,
    "石家庄|sy_hardware": -0.013293834796032834,
    "石家庄|gz_clothes": -0.05,
    "石家庄|sh_enamel": 0.05,
    "石家庄|sz_pager": -0.01375607959628504,
    "石家庄|bj_computer": 0.1,
    "石家庄|fz_fish": -0.053613281164271546,
    "石家庄|hn_mango": 0.064,
    "石家庄|tp_tea": 0.075,
    "石家庄|ks_pineapple": 0.08,
    "石家庄|zy_grain": 0.01,
    "石家庄|db_mushroom": 0.05,
    "石家庄|sf_textile": 0.044,
    "石家庄|island_candy": -0.06,
    "太原|zz_flour": -0.012,
    "太原|sjz_antibiotics": -0.025,
    "太原|ty_coal": -0.006935848369686589,
    "太原|cc_cornstarch": 0.006766132956989705,
    "太原|hrb_soybean_oil": 0.008,
    "太原|sy_hardware": 0.038,
    "太原|gz_clothes": 0.02015735353724499,
    "太原|sh_enamel": -0.007966362882966708,
    "太原|sz_pager": 0.125,
    "太原|bj_computer": 0.1,
    "太原|fz_fish": 0.07,
    "太原|hn_mango": 0.064,
    "太原|tp_tea": 0.075,
    "太原|ks_pineapple": -0.007450894199097538,
    "太原|zy_grain": 0.01,
    "太原|db_mushroom": -0.05,
    "太原|sf_textile": -0.0013598696565732505,
    "太原|island_candy": 0.06,
    "沈阳|zz_flour": 0.011397975091337918,
    "沈阳|sjz_antibiotics": 0.025,
    "沈阳|ty_coal": -0.005134782400273866,
    "沈阳|cc_cornstarch": -0.011,
    "沈阳|hrb_soybean_oil": 0.008,
    "沈阳|sy_hardware": 0.030375171866761794,
    "沈阳|gz_clothes": 0.04040343739067562,
    "沈阳|sh_enamel": -0.02062978742839119,
    "沈阳|sz_pager": 0.125,
    "沈阳|bj_computer": -0.031544389672769714,
    "沈阳|fz_fish": -0.04781663711189457,
    "沈阳|hn_mango": 0.064,
    "沈阳|tp_tea": -0.075,
    "沈阳|ks_pineapple": 0.08,
    "沈阳|zy_grain": 0.00010525130145098964,
    "沈阳|db_mushroom": -0.05,
    "沈阳|sf_textile": -0.044,
    "沈阳|island_candy": 0.06,
    "长春|zz_flour": 0.012,
    "长春|sjz_antibiotics": -0.025,
    "长春|ty_coal": -0.0014273428144301757,
    "长春|cc_cornstarch": -0.011,
    "长春|hrb_soybean_oil": -0.0003671372168649984,
    "长春|sy_hardware": 0.038,
    "长春|gz_clothes": -0.04367607950605943,
    "长春|sh_enamel": -0.010119511101587165,
    "长春|sz_pager": -0.09793310825677917,
    "长春|bj_computer": -0.1,
    "长春|fz_fish": -0.03443828770377981,
    "长春|hn_mango": -0.064,
    "长春|tp_tea": 0.075,
    "长春|ks_pineapple": 0.08,
    "长春|zy_grain": 0.005456961250464766,
    "长春|db_mushroom": -0.01577197174254817,
    "长春|sf_textile": 0.044,
    "长春|island_candy": -0.06,
    "哈尔滨|zz_flour": -0.00554044151563149,
    "哈尔滨|sjz_antibiotics": -0.025,
    "哈尔滨|ty_coal": 0.0017931896457225142,
    "哈尔滨|cc_cornstarch": -0.003210887687045068,
    "哈尔滨|hrb_soybean_oil": -0.004556984893614764,
    "哈尔滨|sy_hardware": -0.009449308823243057,
    "哈尔滨|gz_clothes": 0.05,
    "哈尔滨|sh_enamel": -0.04823217182357842,
    "哈尔滨|sz_pager": 0.125,
    "哈尔滨|bj_computer": 0.08414154903405295,
    "哈尔滨|fz_fish": -0.07,
    "哈尔滨|hn_mango": -0.064,
    "哈尔滨|tp_tea": 0.075,
    "哈尔滨|ks_pineapple": 0.08,
    "哈尔滨|zy_grain": 0.01,
    "哈尔滨|db_mushroom": 0.022584719941521333,
    "哈尔滨|sf_textile": 0.044,
    "哈尔滨|island_candy": 0.06,
    "北京|zz_flour": -0.012310427579651805,
    "北京|sjz_antibiotics": 0.009472259497100718,
    "北京|ty_coal": 0.007839840488708989,
    "北京|cc_cornstarch": 0.0008192851314364611,
    "北京|hrb_soybean_oil": -0.012,
    "北京|sy_hardware": 0.056999999999999995,
    "北京|gz_clothes": 0.07500000000000001,
    "北京|sh_enamel": 0.07500000000000001,
    "北京|sz_pager": 0.07715100795169139,
    "北京|bj_computer": -0.14762624865081622,
    "北京|fz_fish": 0.038850696847084185,
    "北京|hn_mango": -0.096,
    "北京|tp_tea": -0.11249999999999999,
    "北京|ks_pineapple": 0.09193873241474244,
    "北京|zy_grain": -0.015,
    "北京|db_mushroom": 0.07401287722565712,
    "北京|sf_textile": -0.0233632354015773,
    "北京|island_candy": -0.019186253009172972,
    "广州|zz_flour": -0.007796876885971159,
    "广州|sjz_antibiotics": -0.037500000000000006,
    "广州|ty_coal": 0.007570189062296807,
    "广州|cc_cornstarch": -0.0023048292286362865,
    "广州|hrb_soybean_oil": -0.012,
    "广州|sy_hardware": 0.04104331262780011,
    "广州|gz_clothes": -0.07500000000000001,
    "广州|sh_enamel": -0.02105216074992228,
    "广州|sz_pager": 0.1875,
    "广州|bj_computer": -0.14840081221410473,
    "广州|fz_fish": 0.10500000000000001,
    "广州|hn_mango": -0.096,
    "广州|tp_tea": -0.10820493948227501,
    "广州|ks_pineapple": -0.005636594457108686,
    "广州|zy_grain": 0.015,
    "广州|db_mushroom": 0.03302547093986973,
    "广州|sf_textile": 0.008423005466937842,
    "广州|island_candy": 0.09,
    "深圳|zz_flour": 0.005381324483679886,
    "深圳|sjz_antibiotics": -0.037500000000000006,
    "深圳|ty_coal": 0.0010889942460604674,
    "深圳|cc_cornstarch": 0.0036373300504412916,
    "深圳|hrb_soybean_oil": -0.0005967119633052566,
    "深圳|sy_hardware": 0.056999999999999995,
    "深圳|gz_clothes": 0.06261332773213578,
    "深圳|sh_enamel": -0.05980373580068855,
    "深圳|sz_pager": 0.15176592949957887,
    "深圳|bj_computer": 0.15000000000000002,
    "深圳|fz_fish": 0.10500000000000001,
    "深圳|hn_mango": 0.096,
    "深圳|tp_tea": -0.11249999999999999,
    "深圳|ks_pineapple": -0.12,
    "深圳|zy_grain": 0.011660427533405949,
    "深圳|db_mushroom": 0.032869018722223885,
    "深圳|sf_textile": -0.066,
    "深圳|island_candy": 0.0640505016795491,
    "福州|zz_flour": 0.0069290838874117525,
    "福州|sjz_antibiotics": 0.002709705639543374,
    "福州|ty_coal": 0.009839931520958054,
    "福州|cc_cornstarch": -0.001973211079355443,
    "福州|hrb_soybean_oil": -0.008,
    "福州|sy_hardware": -0.038,
    "福州|gz_clothes": 0.049247267106841686,
    "福州|sh_enamel": -0.017804183654737554,
    "福州|sz_pager": -0.125,
    "福州|bj_computer": -0.07684529275601965,
    "福州|fz_fish": 0.07,
    "福州|hn_mango": -0.064,
    "福州|tp_tea": -0.0012717772330247592,
    "福州|ks_pineapple": 0.08,
    "福州|zy_grain": -0.006862269869611184,
    "福州|db_mushroom": 0.046778162380995233,
    "福州|sf_textile": 0.0009843209050629676,
    "福州|island_candy": -0.06,
    "上海|zz_flour": 0.014132493036714362,
    "上海|sjz_antibiotics": -0.037500000000000006,
    "上海|ty_coal": 0.000840770777611979,
    "上海|cc_cornstarch": -0.006237954668309221,
    "上海|hrb_soybean_oil": -0.012,
    "上海|sy_hardware": 0.056999999999999995,
    "上海|gz_clothes": -0.05367989112282433,
    "上海|sh_enamel": 0.07500000000000001,
    "上海|sz_pager": 0.1875,
    "上海|bj_computer": -0.13161295011582652,
    "上海|fz_fish": -0.10500000000000001,
    "上海|hn_mango": 0.06239583681853624,
    "上海|tp_tea": -0.11249999999999999,
    "上海|ks_pineapple": -0.07994539615464691,
    "上海|zy_grain": 0.0065668035440322,
    "上海|db_mushroom": -0.07500000000000001,
    "上海|sf_textile": -0.02191296326834386,
    "上海|island_candy": -0.03342830969129619,
    "海南|zz_flour": 0.005955519865894238,
    "海南|sjz_antibiotics": -0.025,
    "海南|ty_coal": -0.003474073272924964,
    "海南|cc_cornstarch": -0.006895612258557597,
    "海南|hrb_soybean_oil": 0.005638842955647673,
    "海南|sy_hardware": 0.01370374065707618,
    "海南|gz_clothes": 0.05,